{"cameraMode":{"drawMode":0,"name":"Shaded","section":"Shading Mode"},"sceneLighting":true,"audioPlay":false,"sceneViewState":{"m_AlwaysRefresh":false,"showFog":true,"showSkybox":true,"showFlares":true,"showImageEffects":true,"showParticleSystems":true,"showVisualEffectGraphs":true,"m_FxEnabled":true},"in2DMode":false,"pivot":{"x":-12.502782821655274,"y":-15.959137916564942,"z":11.76254940032959},"rotation":{"x":-0.492239385843277,"y":0.00009255538316210732,"z":-0.00007504622044507414,"w":-0.87071293592453},"size":31.397533416748048,"orthographic":false}